{"Mods":[{"Author":"Goonsack","Name":"Goon's Gear & Throwing Overhaul","Folder":"Goon_Gear_Throwing_Overhaul","Version":"37295453741514755","Description":"A sweeping overhaul to all items, both bug fixes and redesigns. An exhaustive effort to address the lack of consistency with throwing functionality, and more.","UUID":"30d3cc83-87a9-4efc-8b32-885c10f82132","Created":"2025-07-30T10:25:56.744957+10:00","Dependencies":[],"Group":"14485eea-efd1-4f6b-b30a-c24f90853ef9"}],"MD5":"708a0ba61c7e506ba4e2ae5e09e8f2c3"}