{"Mods":[{"Author":"Goonsack","Name":"Goon's Gear & Throwing Overhaul","Folder":"Goon_Gear_Throwing_Overhaul","Version":"37295453741514756","Description":"A sweeping overhaul to all items, both bug fixes and redesigns. An exhaustive effort to address the lack of consistency with throwing functionality, and more.","UUID":"30d3cc83-87a9-4efc-8b32-885c10f82132","Created":"2025-08-05T01:45:11.7507777+10:00","Dependencies":[],"Group":"f2fdcb14-2d57-4b43-9838-6ca04d56cba1"}],"MD5":"ea4fb6b5e8e6d337fa2b8739b3b39e10"}