{"Mods":[{"Author":"Goonsack","Name":"Goon's Gear & Throwing Overhaul","Folder":"Goon_Gear_Throwing_Overhaul","Version":"37295453741514760","Description":"A sweeping overhaul to all items, both bug fixes and redesigns. An exhaustive effort to address the lack of consistency with throwing functionality, and more.","UUID":"30d3cc83-87a9-4efc-8b32-885c10f82132","Created":"2025-08-23T17:35:09.5103035+10:00","Dependencies":[],"Group":"e940cfaa-85f4-43a3-8c22-99ee5581d6d4"}],"MD5":"bf06a1d11ff53b83fd76e9c524f4dcdc"}