{"Mods":[{"Author":"Goonsack","Name":"Goon's Gear & Throwing Overhaul","Folder":"Goon_Gear_Throwing_Overhaul","Version":"37295453741514757","Description":"A sweeping overhaul to all items, both bug fixes and redesigns. An exhaustive effort to address the lack of consistency with throwing functionality, and more.","UUID":"30d3cc83-87a9-4efc-8b32-885c10f82132","Created":"2025-08-13T18:52:10.5722294+10:00","Dependencies":[],"Group":"0a5b6b50-e3ac-4d48-843d-4ec64463094f"}],"MD5":"d9b6e161c8a033a8fa9af5e8e289f6a1"}