{"Mods":[{"Author":"Goonsack","Name":"Goon's Gear & Throwing Overhaul","Folder":"Goon_Gear_Throwing_Overhaul","Version":"37295453741514764","Description":"A sweeping overhaul to all items, both bug fixes and redesigns. An exhaustive effort to address the lack of consistency with throwing functionality, and more.","UUID":"30d3cc83-87a9-4efc-8b32-885c10f82132","Created":"2025-11-08T13:47:30.0134874+11:00","Dependencies":[],"Group":"00d77cec-e7ec-432b-a4f1-e6b9d817b38b"}],"MD5":"1a136941f490f03ee1e72d4a0688aaa5"}