{"Mods":[{"Author":"Goonsack","Name":"Goon's Gear & Throwing Overhaul","Folder":"Goon_Gear_Throwing_Overhaul","Version":"72057594037927936","Description":"A sweeping overhaul to all items, both bug fixes and redesigns. An exhaustive effort to address the lack of consistency with throwing functionality, and more.","UUID":"30d3cc83-87a9-4efc-8b32-885c10f82132","Created":"2025-06-05T21:41:40.036256+10:00","Dependencies":[],"Group":"b156e1d2-ed37-4181-bd83-20fe11f42961"}],"MD5":"45e41a52934dbd44e1450214a6fa7a98"}