{"Mods":[{"Author":"Goonsack","Name":"Goon's Gear & Throwing Overhaul","Folder":"Goon_Gear_Throwing_Overhaul","Version":"72057594037927936","Description":"A sweeping overhaul to all items, both bug fixes and redesigns. An exhaustive effort to address the lack of consistency with throwing functionality, and more.","UUID":"30d3cc83-87a9-4efc-8b32-885c10f82132","Created":"2025-06-07T21:15:49.164953+10:00","Dependencies":[],"Group":"0ae79b42-7883-492f-b34f-d49dd36a85ff"}],"MD5":"d30163c16be723271ef76f7713b042bd"}