{"Mods":[{"Author":"Goonsack","Name":"Goon's Gear & Throwing Overhaul","Folder":"Goon_Gear_Throwing_Overhaul","Version":"37295453741514762","Description":"A sweeping overhaul to all items, both bug fixes and redesigns. An exhaustive effort to address the lack of consistency with throwing functionality, and more.","UUID":"30d3cc83-87a9-4efc-8b32-885c10f82132","Created":"2025-10-08T20:19:04.7344843+11:00","Dependencies":[],"Group":"84acb098-e0f9-4780-9bf5-ffac5c0a07f0"}],"MD5":"6c9e6ff83f10bbffbaa68c76a3091a95"}