{"Mods":[{"Author":"Goonsack","Name":"Goon's Gear & Throwing Overhaul","Folder":"Goon_Gear_Throwing_Overhaul","Version":"37295453741514763","Description":"A sweeping overhaul to all items, both bug fixes and redesigns. An exhaustive effort to address the lack of consistency with throwing functionality, and more.","UUID":"30d3cc83-87a9-4efc-8b32-885c10f82132","Created":"2025-10-26T14:59:02.5684658+11:00","Dependencies":[],"Group":"fdc9eebe-5396-41bd-8873-4c62f1540b3f"}],"MD5":"293772eb9d07ab191e2388e10bd5e79a"}