{"Mods":[{"Author":"Goonsack","Name":"Goon's Gear & Throwing Overhaul","Folder":"Goon_Gear_Throwing_Overhaul","Version":"37295453741514759","Description":"A sweeping overhaul to all items, both bug fixes and redesigns. An exhaustive effort to address the lack of consistency with throwing functionality, and more.","UUID":"30d3cc83-87a9-4efc-8b32-885c10f82132","Created":"2025-08-22T23:13:45.248256+10:00","Dependencies":[],"Group":"3fcc8799-7a52-41b8-9525-cbc2b83046c7"}],"MD5":"fff3653d5cfc829056b127123928d585"}