{"Mods":[{"Author":"Goonsack","Name":"Goon's Gear & Throwing Overhaul","Folder":"Goon_Gear_Throwing_Overhaul","Version":"72057594037927936","Description":"A sweeping overhaul to all items, both bug fixes and redesigns. An exhaustive effort to address the lack of consistency with throwing functionality, and more.","UUID":"30d3cc83-87a9-4efc-8b32-885c10f82132","Created":"2025-06-19T17:01:26.9269254+10:00","Dependencies":[],"Group":"8a079fdc-42d7-49bd-bc2a-1735c9230cad"}],"MD5":"a9baf8709bf779d5cc22d9f1ffb80dd8"}