{"Mods":[{"Author":"Goonsack","Name":"Goon's Gear & Throwing Overhaul","Folder":"Goon_Gear_Throwing_Overhaul","Version":"72057594037927936","Description":"A sweeping overhaul to all items, both bug fixes and redesigns. An exhaustive effort to address the lack of consistency with throwing functionality, and more.","UUID":"30d3cc83-87a9-4efc-8b32-885c10f82132","Created":"2025-07-04T14:21:05.9407851+10:00","Dependencies":[],"Group":"3ef2c328-3666-4100-9eaf-f7fb647226aa"}],"MD5":"1767cad24d3623d412f4d46cce75e8ca"}