{"Mods":[{"Author":"Goonsack","Name":"Goon's Gear & Throwing Overhaul","Folder":"Goon_Gear_Throwing_Overhaul","Version":"37295453741514767","Description":"A sweeping overhaul to all items, both bug fixes and redesigns. An exhaustive effort to address the lack of consistency with throwing functionality, and more.","UUID":"30d3cc83-87a9-4efc-8b32-885c10f82132","Created":"2025-11-29T00:26:30.5922783+11:00","Dependencies":[],"Group":"582f951e-9396-449b-8208-a0517fff8b9c"}],"MD5":"dedae92eebafe76c11f6749ad65444a6"}