{"Mods":[{"Author":"Goonsack","Name":"Goon's Gear & Throwing Overhaul","Folder":"Goon_Gear_Throwing_Overhaul","Version":"72057594037927936","Description":"A sweeping overhaul to all items, both bug fixes and redesigns. An exhaustive effort to address the lack of consistency with throwing functionality, and more.","UUID":"30d3cc83-87a9-4efc-8b32-885c10f82132","Created":"2025-07-08T22:55:09.1219274+10:00","Dependencies":[],"Group":"b689964b-fe82-4f94-b9ad-cba70f8209ca"}],"MD5":"8af5c1040d8a133df3d931ef7a12aff6"}