{"Mods":[{"Author":"Goonsack","Name":"Goon's Gear & Throwing Overhaul","Folder":"Goon_Gear_Throwing_Overhaul","Version":"37295453741514765","Description":"A sweeping overhaul to all items, both bug fixes and redesigns. An exhaustive effort to address the lack of consistency with throwing functionality, and more.","UUID":"30d3cc83-87a9-4efc-8b32-885c10f82132","Created":"2025-11-12T13:51:41.9258363+11:00","Dependencies":[],"Group":"751b0e41-2a38-4918-b128-36d8d4bdb99f"}],"MD5":"e61ac93870b94320fa372d9e31339f55"}