{"Mods":[{"Author":"Goonsack","Name":"Goon's Gear & Throwing Overhaul","Folder":"Goon_Gear_Throwing_Overhaul","Version":"72057594037927936","Description":"A sweeping overhaul to all items, both bug fixes and redesigns. An exhaustive effort to address the lack of consistency with throwing functionality, and more.","UUID":"30d3cc83-87a9-4efc-8b32-885c10f82132","Created":"2025-05-31T21:21:30.2775523+10:00","Dependencies":[],"Group":"4b0e57d1-0e93-4abc-a099-3766ce0074e2"}],"MD5":"6b5c4674823784851765012add618a8c"}