{"Mods":[{"Author":"Goonsack","Name":"Goon's Gear & Throwing Overhaul","Folder":"Goon_Gear_Throwing_Overhaul","Version":"37295453741514754","Description":"A sweeping overhaul to all items, both bug fixes and redesigns. An exhaustive effort to address the lack of consistency with throwing functionality, and more.","UUID":"30d3cc83-87a9-4efc-8b32-885c10f82132","Created":"2025-07-29T14:34:13.7150173+10:00","Dependencies":[],"Group":"337f2d5d-51d1-4244-bcf1-7c8147b3677f"}],"MD5":"04cae2e4bc66c60868af37fbac20ea19"}