{"Mods":[{"Author":"Goonsack","Name":"Goon's Gear & Throwing Overhaul","Folder":"Goon_Gear_Throwing_Overhaul","Version":"72057594037927936","Description":"A sweeping overhaul to all items, both bug fixes and redesigns. An exhaustive effort to address the lack of consistency with throwing functionality, and more.","UUID":"30d3cc83-87a9-4efc-8b32-885c10f82132","Created":"2025-05-30T23:27:10.3593781+10:00","Dependencies":[],"Group":"d5e2ad0a-b7cb-417c-98c4-7c5ace5f7484"}],"MD5":"960ab72d7617bdc5a758a0708f750bb5"}