{"Mods":[{"Author":"Goonsack","Name":"Goon's Gear & Throwing Overhaul","Folder":"Goon_Gear_Throwing_Overhaul","Version":"37295453741514755","Description":"A sweeping overhaul to all items, both bug fixes and redesigns. An exhaustive effort to address the lack of consistency with throwing functionality, and more.","UUID":"30d3cc83-87a9-4efc-8b32-885c10f82132","Created":"2025-07-30T10:00:55.7189673+10:00","Dependencies":[],"Group":"6297a72f-b57a-4e22-b04d-21a3625dd731"}],"MD5":"14954cff561a1c782e505f6e25649a80"}