{"Mods":[{"Author":"Goonsack","Name":"Goon's Gear & Throwing Overhaul","Folder":"Goon_Gear_Throwing_Overhaul","Version":"37295453741514758","Description":"A sweeping overhaul to all items, both bug fixes and redesigns. An exhaustive effort to address the lack of consistency with throwing functionality, and more.","UUID":"30d3cc83-87a9-4efc-8b32-885c10f82132","Created":"2025-08-20T17:34:55.2988956+10:00","Dependencies":[],"Group":"d576c4a0-abd0-47a8-932d-5edb19712d47"}],"MD5":"5474831deadb2e7b0f3d1d73394bca89"}