{"Mods":[{"Author":"Goonsack","Name":"Goon's Gear & Throwing Overhaul","Folder":"Goon_Gear_Throwing_Overhaul","Version":"72057594037927936","Description":"A sweeping overhaul to all items, both bug fixes and redesigns. An exhaustive effort to address the lack of consistency with throwing functionality, and more.","UUID":"30d3cc83-87a9-4efc-8b32-885c10f82132","Created":"2025-05-31T16:27:41.7254038+10:00","Dependencies":[],"Group":"d8c7a8a1-8e05-4dff-845f-2898a3522015"}],"MD5":"65961f0576a596649784b047f6425fbb"}