{"Mods":[{"Author":"Goonsack","Name":"Goon's Gear & Throwing Overhaul","Folder":"Goon_Gear_Throwing_Overhaul","Version":"37295453741514753","Description":"A sweeping overhaul to all items, both bug fixes and redesigns. An exhaustive effort to address the lack of consistency with throwing functionality, and more.","UUID":"30d3cc83-87a9-4efc-8b32-885c10f82132","Created":"2025-07-20T13:04:25.0323661+10:00","Dependencies":[],"Group":"bb0fc86b-c4a8-4d22-85db-5c349d60f1cc"}],"MD5":"4190ce19c2e96620bada65a2cf3af6ce"}