{"Mods":[{"Author":"Goonsack","Name":"Goon's Gear & Throwing Overhaul","Folder":"Goon_Gear_Throwing_Overhaul","Version":"37295453741514766","Description":"A sweeping overhaul to all items, both bug fixes and redesigns. An exhaustive effort to address the lack of consistency with throwing functionality, and more.","UUID":"30d3cc83-87a9-4efc-8b32-885c10f82132","Created":"2025-11-23T04:43:37.6179745+11:00","Dependencies":[],"Group":"1782d28e-fc90-44e2-8a09-f399e1b6042b"}],"MD5":"50176f495f0ff2287d07861208cf69c4"}