{"Mods":[{"Author":"Goonsack","Name":"Goon's Gear & Throwing Overhaul","Folder":"Goon_Gear_Throwing_Overhaul","Version":"37295453741514763","Description":"A sweeping overhaul to all items, both bug fixes and redesigns. An exhaustive effort to address the lack of consistency with throwing functionality, and more.","UUID":"30d3cc83-87a9-4efc-8b32-885c10f82132","Created":"2025-10-26T14:58:41.7956039+11:00","Dependencies":[],"Group":"ca382fc5-f4c3-4365-bcbb-7d6195983a1c"}],"MD5":"411cbf7e2edabbebe934b44fe8dc5c62"}