{"Mods":[{"Author":"Goonsack","Name":"Goon's Gear & Throwing Overhaul","Folder":"Goon_Gear_Throwing_Overhaul","Version":"37295453741514761","Description":"A sweeping overhaul to all items, both bug fixes and redesigns. An exhaustive effort to address the lack of consistency with throwing functionality, and more.","UUID":"30d3cc83-87a9-4efc-8b32-885c10f82132","Created":"2025-09-01T17:12:34.0950952+10:00","Dependencies":[],"Group":"577b0ab0-be30-4013-9854-0b5fb2387c04"}],"MD5":"f8e114bdc66ae5516eae512ee99ffdd2"}