{"Mods":[{"Author":"Goonsack","Name":"Goon's Gear & Throwing Overhaul","Folder":"Goon_Gear_Throwing_Overhaul","Version":"72057594037927936","Description":"A sweeping overhaul to all items, both bug fixes and redesigns. An exhaustive effort to address the lack of consistency with throwing functionality, and more.","UUID":"30d3cc83-87a9-4efc-8b32-885c10f82132","Created":"2025-05-31T22:19:34.267755+10:00","Dependencies":[],"Group":"f907c413-4cdf-4e73-b9a4-e15f1fb61cb8"}],"MD5":"2926c30062b7278b28f9c88cec5ff3ae"}