{"Mods":[{"Author":"Goonsack","Name":"Goon's Gear & Throwing Overhaul","Folder":"Goon_Gear_Throwing_Overhaul","Version":"37295453741514753","Description":"A sweeping overhaul to all items, both bug fixes and redesigns. An exhaustive effort to address the lack of consistency with throwing functionality, and more.","UUID":"30d3cc83-87a9-4efc-8b32-885c10f82132","Created":"2025-07-20T13:05:13.3600849+10:00","Dependencies":[],"Group":"91c6756c-7148-40ac-874f-87c29fa24664"}],"MD5":"02087804ea3714f9af13c00b272dfc62"}