{"Mods":[{"Author":"Goonsack","Name":"Goon's Gear & Throwing Overhaul","Folder":"Goon_Gear_Throwing_Overhaul","Version":"37295453741514752","Description":"A sweeping overhaul to all items, both bug fixes and redesigns. An exhaustive effort to address the lack of consistency with throwing functionality, and more.","UUID":"30d3cc83-87a9-4efc-8b32-885c10f82132","Created":"2025-07-18T16:16:43.9519612+10:00","Dependencies":[],"Group":"a61777a3-e9bc-471b-9689-72c1ad9fd8cc"}],"MD5":"6fdea5b4fa9c57947bf7d903cdaa1fe3"}